{
  "verfahren": "DIN EN ISO 12213-2:2010-01 / AGA8 DETAIL",
  "eingabedaten": {
    "temperatur_C": 126.85000000000002,
    "druck_bar": 500.0,
    "intern_verwendete_temperatur_K": 400.0,
    "intern_verwendeter_druck_kPa": 50000.0,
    "startwert_molare_dichte_mol_pro_l": null,
    "stoffmengenanteile_vor_normierung": {
      "methan": 77.824,
      "stickstoff": 2.0,
      "kohlendioxid": 6.0,
      "ethan": 8.0,
      "propan": 3.0,
      "isobutan": 0.15,
      "n_butan": 0.3,
      "isopentan": 0.05,
      "n_pentan": 0.165,
      "n_hexan": 0.215,
      "n_heptan": 0.088,
      "n_oktan": 0.024,
      "n_nonan": 0.015,
      "n_dekan": 0.009,
      "wasserstoff": 0.4,
      "sauerstoff": 0.5,
      "kohlenmonoxid": 0.2,
      "wasser": 0.01,
      "schwefelwasserstoff": 0.25,
      "helium": 0.7,
      "argon": 0.1
    },
    "summe_vor_normierung": 100.00000000000001,
    "stoffmengenanteile_normiert": {
      "methan": 0.7782399999999998,
      "stickstoff": 0.019999999999999997,
      "kohlendioxid": 0.05999999999999999,
      "ethan": 0.07999999999999999,
      "propan": 0.029999999999999995,
      "isobutan": 0.0014999999999999998,
      "n_butan": 0.0029999999999999996,
      "isopentan": 0.0005,
      "n_pentan": 0.0016499999999999998,
      "n_hexan": 0.0021499999999999996,
      "n_heptan": 0.0008799999999999998,
      "n_oktan": 0.00023999999999999998,
      "n_nonan": 0.00014999999999999996,
      "n_dekan": 8.999999999999998e-05,
      "wasserstoff": 0.004,
      "sauerstoff": 0.004999999999999999,
      "kohlenmonoxid": 0.002,
      "wasser": 9.999999999999999e-05,
      "schwefelwasserstoff": 0.0024999999999999996,
      "helium": 0.006999999999999998,
      "argon": 0.001
    }
  },
  "ergebnis": {
    "molare_masse_g_pro_mol": 20.543330509999993,
    "molare_dichte_mol_pro_l": 12.807924036488005,
    "druck_kPa": 50000.00000000002,
    "k_zahl": 1.1738013641473262,
    "dP_dRho_kPa_pro_mol_l": 6971.387690924084,
    "d2P_dRho2_kPa_pro_mol_l2": 1118.8036366395186,
    "d2P_dT_dRho_kPa_pro_mol_l_K": 0.0,
    "dP_dT_kPa_pro_K": 235.6641493068212,
    "innere_energie_J_pro_mol": -2739.134175817224,
    "enthalpie_J_pro_mol": 1164.6990962694103,
    "entropie_J_pro_mol_K": -38.548826846771114,
    "cv_J_pro_mol_K": 39.12076154430331,
    "cp_J_pro_mol_K": 58.546176723806674,
    "schallgeschwindigkeit_m_pro_s": 712.6393684057902,
    "gibbs_energie_J_pro_mol": 16584.229834977854,
    "joule_thomson_K_pro_kPa": 7.432969304794665e-05,
    "isentropenexponent": 2.672509225184605
  },
  "status": {
    "fehlercode": 0,
    "meldung": ""
  }
}